INSERT INTO universidad VALUES(NULL, "Universidad Adventista de Bolivia", "Av. Simon I. Patino", "", "https://www.google.com/search?q=logo+universidad+adventista+de+bolivia&sxsrf=ALeKk018_ffn1avTWpdqIoouc7919KtoHg:1599236084622&tbm=isch&source=iu&ictx=1&fir=vh_uMnT_-5LeQM%252CtecxLdJhTskZYM%252C_&vet=1&usg=AI4_-kSc_7ADzJTt-aClAeVa_1ue3FW_DQ&sa=X&ved=2ahUKEwizhPHV8s_rAhWbIbkGHV_dCSMQ9QF6BAgJEEk&biw=1366&bih=695#imgrc=vh_uMnT_-5LeQM");

INSERT INTO Facultad(idFacultad,idUniversidad, nombre, sigla) VALUES(1,1, 'Facultad de Ingenieria', 'FING');
INSERT INTO Facultad(idFacultad,idUniversidad, nombre, sigla) VALUES(2,1, 'Facultad de Salud', 'FSAL');
INSERT INTO Facultad(idFacultad,idUniversidad, nombre, sigla) VALUES(3,1, 'Facultad de Humanidades', 'FHUM');
INSERT INTO Facultad(idFacultad,idUniversidad, nombre, sigla) VALUES(4,1, 'Facultad de Ciencias Economicas y Administrativas', 'FCEA');

-- Insertar tabla 
INSERT INTO Carrera(idCarrera, idFacultad, nombre, sigla) VALUES(NULL,1, 'Carrera de Ingenieria en Sistemas', 'INSI');
INSERT INTO Carrera(idCarrera, idFacultad, nombre, sigla) VALUES(NULL,1, 'Carrera de Ingenieria en Redes y Telecomunicaciones', 'RETE');
INSERT INTO Carrera(idCarrera, idFacultad, nombre, sigla) VALUES(NULL,1, 'Carrera de Ingenieria en Ambiental', 'INAN');
INSERT INTO Carrera(idCarrera, idFacultad, nombre, sigla) VALUES(NULL,3, 'Carrera de Psicologia', 'PSIC');
INSERT INTO Carrera(idCarrera, idFacultad, nombre, sigla) VALUES(NULL,3, 'Carrera de Pedagogia', 'PEDA');
INSERT INTO Carrera(idCarrera, idFacultad, nombre, sigla) VALUES(NULL,3, 'Carrera de Ciencias Linguisticas', 'CILI');
INSERT INTO Carrera(idCarrera, idFacultad, nombre, sigla) VALUES(NULL,2, 'Carrera de Nutricion', 'CANU');
INSERT INTO Carrera(idCarrera, idFacultad, nombre, sigla) VALUES(NULL,2, 'Carrera de Fisioterapia y Kinesiologia', 'FIKI');
INSERT INTO Carrera(idCarrera, idFacultad, nombre, sigla) VALUES(NULL,2, 'Carrera de Enfermeria', 'CENF');
INSERT INTO Carrera(idCarrera, idFacultad, nombre, sigla) VALUES(NULL,2, 'Carrera de Farmacologia', 'FARM');
INSERT INTO Carrera(idCarrera, idFacultad, nombre, sigla) VALUES(NULL,4, 'Carrera de Administracion de Empresas', 'ADMI');
INSERT INTO Carrera(idCarrera, idFacultad, nombre, sigla) VALUES(NULL,4, 'Carrera de Contaduria Publica', 'COPU');
INSERT INTO Carrera(idCarrera, idFacultad, nombre, sigla) VALUES(NULL,4, 'Carrera de Ingenieria Comercial', 'INCO');


-- insertar tabla rol JOSE MARIA MENDOZA
INSERT INTO rol(idRol, nombre)
VALUES
(NULL, "Administrador"),
(NULL, "Docente"),
(NULL, "Estudiante");



-- insertar tabla tipoTesis KEVIN RODRIGUEZ
INSERT INTO tipoTesis(nombre)
VALUES
('Proyecto de grado'),
('Tesis'),
('Trabajo Dirigido');

-- Falta revisar desde AQUIIIIIIIIIIIIIIIIIIIIIIIIIIIIIIIIIIIIIIIIII
-- insertar tabla rolPersonalTesis CRISTOPHER ARCE
INSERT INTO rolPersonalTesis
VALUES
(NULL, 'Tutor'),
(NULL, 'Revisor');

-- insertar tabla universidad  CARLOS OJEDA

-- Insertar tabla personalTesis NEFTALI MAMANI
INSERT INTO personalTesis(ci,primerNombre,segundoNombre,apellidoPaterno,apellidoMaterno) 
VALUES ('1111A','Karen','Johana','Lopez','Zapata'),
('1002B','Graciela','Naomi','Cerezo','Zurita'),
('1003C','George','Ramiro','Laserna','Quintanilla'),
('1003P','Jorge','Andres','Crespo','Fernandez'),
('1003Z','Kevin','Ramiro','Casio','Lopez'),
('2053Z','Gabriel','','Reyes','Duran'),
('3063A','George','','Palmer','Guzman'),
('2133E','Lucas','','Uribe','Hernandez'),
('4103R','Mateo','Ramiro','Laserna','Rodriguez'),
("2314S","Clementine","Nasim","Salazar","Sims"),
("3051S","Joseph","Rylee","Rowland","Rush"),
("4002C","Moana","Blythe","Lang","Shaffer"),
("0074C","Driscoll","Breanna","Wilkerson","Banks"),
("7846U","Indigo","Rinah","Beard","Paul"),
("5404H","Willa","Nissim","Luna","Marks"),
("7043C","Tana","Conan","Pate","Palmer"),
("5144B","Phillip","Eagan","Robles","Acosta"),
("5957D","Sydney","Gillian","Holcomb","Gonzales"),
("0467N","Myra","Olympia","Jones","Shannon"),
("4646B","Iliana","Jessica","Estrada","Dawson"),
("6033O","Rafael","Hedley","Frye","Mcmahon"),
("4819B","Kadeem","Karina","Park","Bowers"),
("8222J","Raymond","Kylee","Hayden","Jacobs"),
("1066A","Perry","Sonia","Schmidt","Gutierrez"),
("5024O","Arthur","Chaney","Barrera","Dale"),
("9595J","Callum","Gregory","Galloway","Bridges"),
("2342H","Caleb","Emerald","Shepherd","Cummings"),
("9755B","Finn","Jade","Woods","Figueroa"),
("9198M","Halla","Scarlett","Mcgee","Hammond"),
("0395D","Demetrius","Neil","Greer","Frye"),
("0134C","Kibo","Madison","Cote","Hendricks"),
("3544T","Ciara","Justin","Harris","Stanley"),
("2729X","Ethan","Chava","Wilkinson","Stanley"),
("7276E","Dominique","Pandora","Klein","Austin"),
("3189R","Merrill","Fitzgerald","Buck","Good"),
("3244J","Malik","Amber","Cain","Morin"),
("6974X","Herrod","Hasad","Haynes","Grant"),
("8213O","Alejandro","","Barrett","Hodge"),
("3613W","Fernan","","Walter","Gimenes"),
("1213E","Leo","","Lucas",""),
("1913R","Ketia","","Lopez","Alcocer"),
("0813T","Willy","","Guerra",""),
("8413Y","Pedro","","Bennet","Hodge");

-- Insertar tabla facultad EDSON ESPINOZA




-- Insertar Estudiantes
INSERT INTO persona(idPersona,idRol,ci,primerNombre,segundoNombre,primerApellido,segundoApellido,telefono,activo,usuario,contrasenia,fechaRegistro)
VALUES(NULL,1,"41401053","Xavier","Phillip","Pena","Day","69417302","1","xpena","12345678","2020-01-05 19:15:0");
INSERT INTO persona(idPersona,idRol,ci,primerNombre,segundoNombre,primerApellido,segundoApellido,telefono,activo,fechaRegistro)
VALUES
(NULL,3,"9905608","Uriel","Shannon","Petersen","Reid","79714772","1","2019-01-11 19:15:0"),
(NULL,3,"5401296","Quentin","Fallon","Grimes","Webb","20416219","1","2018-11-30 19:15:0"),
(NULL,3,"43155165","Dana","Lance","Berger","Frederick","18236544","1","2020-07-02 19:15:0"),
(NULL,3,"7176104","Charles","Murphy","Mcneil","Spence","46028389","1","2020-01-18 19:15:0"),
(NULL,3,"24217983","Sebastian","Tad","Copeland","Leblanc","33836801","1","2018-08-14 19:15:0"),
(NULL,3,"17802081","Camille","Nathaniel","Serrano","Meyer","96582410","1","2019-04-26 19:15:0"),
(NULL,3,"32610234","Sheila","Zephania","Bartlett","Horn","41453945","1","2020-06-11 19:15:0"),
(NULL,3,"14265339","Drew","Deirdre","Hess","Sosa","46099382","1","2020-07-31 19:15:0"),
(NULL,3,"23390746","Zenaida","Leo","Neal","Jackson","17730135","1","2019-09-17 19:15:0"),
(NULL,3,"18364957","Clarke","Sawyer","Warner","Whitaker","61409367","1","2020-01-29 19:15:0"),
(NULL,3,"32032682","Dennis","Marsden","Kirby","Acosta","52493491","1","2019-05-30 19:15:0"),
(NULL,3,"50657195","Serina","Abigail","Francis","Mckinney","57550041","1","2019-05-17 19:15:0"),
(NULL,3,"38952279","Kylynn","Ivory","Gaines","Knox","97050437","1","2020-07-24 19:15:0"),
(NULL,3,"21347757","Ulysses","Vivian","Jimenez","Pennington","69032570","1","2018-11-15 19:15:0"),
(NULL,3,"48879870","Daria","Alfreda","Lawson","Best","46652154","1","2020-04-07 19:15:0"),
(NULL,3,"20844225","Jermaine","Amal","Barton","Greer","51649461","1","2020-09-16 19:15:0"),
(NULL,3,"8036576","Bruno","Graiden","Terry","Vinson","80495712","1","2020-04-22 19:15:0"),
(NULL,3,"34151149","Harper","Rowan","Quinn","Snyder","87140578","1","2020-01-17 19:15:0"),
(NULL,3,"45514179","Lawrence","Amity","Lane","Becker","58634127","1","2019-10-28 19:15:0"),
(NULL,1,"21165599","Fitzgerald","Cameron","Thornton","Suarez","46943990","1","2020-07-09 19:15:0"),
(NULL,3,"36804261","Owen","Silas","Schneider","Oliver","10047790","1","2019-02-10 19:15:0"),
(NULL,3,"36751530","Moses","Lareina","Brady","Beach","28585864","1","2020-06-23 19:15:0"),
(NULL,3,"22318595","Barrett","Alea","Sargent","Leon","34061650","1","2019-10-17 19:15:0"),
(NULL,3,"10053753","Nora","Kato","Rollins","Copeland","35665649","1","2018-09-05 19:15:0"),
(NULL,3,"41204721","Tanner","Kylynn","Gould","Delaney","78304185","1","2020-08-30 19:15:0"),
(NULL,3,"18536132","Elton","Gemma","Baker","Rose","82734462","1","2020-01-17 19:15:0"),
(NULL,3,"5649544","Len","Trevor","Dorsey","Garner","48401238","1","2018-08-27 19:15:0"),
(NULL,3,"45113052","Tatiana","September","Reyes","Gonzalez","71960515","1","2020-03-06 19:15:0"),
(NULL,3,"18094872","Rinah","Hamish","Larson","Wiley","22224113","1","2020-07-22 19:15:0"),
(NULL,1,"27839117","Cheyenne","Lunea","Marshall","Moon","37395111","1","2020-07-12 19:15:0"),
(NULL,3,"40063622","Murphy","Dahlia","Hopkins","Carpenter","75045782","1","2020-07-23 19:15:0"),
(NULL,3,"23562000","Vivian","Cleo","Gibson","Roth","75623209","1","2019-10-04 19:15:0"),
(NULL,3,"33947217","Acton","Ferris","Sharpe","Lindsay","49337120","1","2020-06-07 19:15:0"),
(NULL,3,"39231058","Barrett","Nathaniel","Christian","Macdonald","20136909","1","2019-12-05 19:15:0"),
(NULL,3,"36605526","Marshall","Cassady","Mccall","Oneill","77782466","1","2018-10-25 19:15:0"),
(NULL,3,"8632884","Cain","Nolan","Dixon","Mccarthy","00953470","1","2019-08-10 19:15:0"),
(NULL,3,"19280372","MacKensie","Ahmed","Holman","Benjamin","61895214","1","2019-09-10 19:15:0"),
(NULL,3,"19541526","Barry","Carly","Lewis","Osborn","02326659","1","2020-01-16 19:15:0"),
(NULL,3,"25386141","Pearl","Duncan","Webb","Moore","94577164","1","2020-01-03 19:15:0"),
(NULL,1,"32270372","Shelly","Anjolie","Hodges","Burks","68666680","1","2019-11-28 19:15:0"),
(NULL,3,"41717116","Sage","Nasim","Massey","Leach","80426258","1","2020-08-07 19:15:0"),
(NULL,3,"33471481","Uriah","Avram","Weaver","Hooper","62672930","1","2020-04-05 19:15:0"),
(NULL,3,"30002332","Alec","Hop","Goff","Shannon","94807825","1","2019-06-23 19:15:0"),
(NULL,3,"49559628","Jared","Cooper","Ramos","Byers","80903397","1","2019-12-22 19:15:0"),
(NULL,3,"38490864","Riley","Wylie","Wiley","Mcguire","17115503","1","2018-12-17 19:15:0"),
(NULL,3,"26478308","Ora","Dora","Baldwin","Conrad","71836219","1","2019-08-17 19:15:0"),
(NULL,3,"35524518","Wylie","Nell","Mendoza","Lynch","02589799","1","2020-06-13 19:15:0"),
(NULL,3,"32568706","Orli","Ezekiel","Velasquez","Perez","73455255","1","2019-10-03 19:15:0"),
(NULL,3,"41740527","Dean","Priscilla","Shepherd","Pickett","89515058","1","2019-07-02 19:15:0"),
(NULL,3,"24201238","Kirk","Walter","Baird","Luna","39779941","1","2019-04-04 09:05:33"),
(NULL,3,"85524174","Malcolm","Ella","Johnson","Durham","54385432","1","2020-02-12 13:55:13"),
(NULL,3,"19781120","James","Melanie","Jackson","Kemp","67045777","1","2020-01-25 23:41:00"),
(NULL,3,"63676687","Fatima","Mary","Quinn","Kirkland","89194207","1","2018-12-23 18:29:23"),
(NULL,3,"76676609","Isaiah","Sonia","Browning","Compton","22805413","1","2018-09-11 00:52:26"),
(NULL,3,"65721299","Roanna","Cleo","Barron","Henson","32714904","1","2019-01-04 21:47:40"),
(NULL,3,"16150222","Ursula","Virginia","Webb","Barber","13104991","1","2020-03-05 14:46:31"),
(NULL,3,"73540948","Kadeem","Jillian","Hart","Thomas","59194453","1","2018-10-10 06:59:12"),
(NULL,3,"91379315","Candace","Beau","Mckay","Kelley","35530851","1","2019-09-19 11:54:23"),
(NULL,3,"94316543","Blake","Elliott","Velez","Nash","06525579","1","2019-12-22 06:39:06"),
(NULL,3,"30913433","Sierra","Evangeline","Reid","Rodgers","49934011","1","2019-12-24 07:36:23"),
(NULL,3,"37420823","Luke","Helen","Hood","Randolph","59532076","1","2019-04-23 18:40:32"),
(NULL,3,"38668935","Macaulay","Hyatt","Holden","Puckett","93749972","1","2018-09-22 11:00:23"),
(NULL,3,"32974176","Hedda","Palmer","Osborn","Harper","49601123","1","2020-02-14 08:35:27"),
(NULL,3,"03057833","Susan","Tasha","Tate","Petersen","14549495","1","2018-12-23 20:09:47"),
(NULL,3,"71613666","Jacob","Zena","Holder","George","32529334","1","2019-09-29 15:19:01"),
(NULL,3,"99455900","Lucius","Maxine","Herman","Tran","85751976","1","2018-11-02 01:23:44"),
(NULL,3,"79292103","Raymond","Kasper","Wagner","Lawson","66316295","1","2018-12-26 22:10:53"),
(NULL,3,"02698467","Bernard","Herman","Cortez","Hoffman","93315582","1","2019-12-16 23:52:04"),
(NULL,3,"52001022","Grant","Justin","Chapman","Gilmore","34695836","1","2019-01-17 01:01:15"),
(NULL,3,"38982861","Aurelia","Aaron","Combs","Deleon","87871850","1","2019-06-02 15:38:58"),
(NULL,3,"54412116","Xandra","Yvette","Bonner","Riley","77329439","1","2018-09-13 06:11:10"),
(NULL,3,"33754563","Nigel","Peter","Heath","Parrish","82537944","1","2019-10-05 12:54:56"),
(NULL,3,"51557179","Doris","Samantha","Travis","Patrick","31204334","1","2019-01-21 07:02:33"),
(NULL,3,"48625796","Knox","Chadwick","Franco","Hebert","03521098","1","2019-03-17 04:46:53"),
(NULL,3,"58526245","Brenden","Ulric","Dalton","Hodges","06351968","1","2018-09-25 10:05:22"),
(NULL,3,"37026157","Ruth","Kirk","Mckee","Holder","51613803","1","2019-09-04 04:03:38"),
(NULL,3,"23730206","Jillian","David","Santos","Patton","18743579","1","2018-11-05 22:42:25"),
(NULL,3,"44066577","Joan","Ocean","Ortega","Blackwell","62559850","1","2019-02-17 02:30:42"),
(NULL,3,"01078979","Ivory","Sara","Cummings","Terry","07553868","1","2019-04-15 12:55:02"),
(NULL,3,"55192131","Arthur","Montana","Peterson","Sellers","12571552","1","2019-10-28 03:44:53"),
(NULL,3,"93323721","Kiona","Mechelle","Walker","Curry","66525188","1","2019-08-23 04:44:52"),
(NULL,3,"52641334","Leila","Finn","Harper","Simmons","64874958","1","2018-12-20 10:30:21"),
(NULL,3,"70019865","Magee","Nissim","Young","Wong","36171002","1","2018-12-31 10:12:14"),
(NULL,3,"42230896","Silas","Whilemina","Nicholson","Wheeler","73980887","1","2019-10-25 17:24:23"),
(NULL,3,"07952096","Allegra","Cade","Suarez","Knight","62464767","1","2020-02-15 02:09:35"),
(NULL,3,"87774151","Deirdre","Pamela","Mccoy","York","14071362","1","2019-02-01 04:41:52"),
(NULL,3,"19230012","Zelda","Ali","Morrison","Wiley","14273379","1","2019-11-08 07:53:46"),
(NULL,3,"64839418","Lydia","Hayley","Eaton","Richards","97857775","1","2019-06-03 04:46:58"),
(NULL,3,"11904230","Ebony","Timothy","Ayala","Barker","73989017","1","2019-09-30 07:24:24");

INSERT INTO persona(idPersona,idRol,ci,primerNombre,primerApellido,segundoApellido,telefono,activo,fechaRegistro)
VALUES
(NULL,2,"28161754","Hedda, Deanna","Heath","French","11085039","1","2019-02-13 13:33:29"),
(NULL,2,"85250583","Jason, Dustin","Haney","Hampton","93885156","1","2019-07-02 23:44:59"),
(NULL,2,"08369894","Lucian, Margaret","Cote","Bass","79622519","1","2019-05-13 21:12:22"),
(NULL,2,"90064125","Theodore, Lamar","Waters","Franks","54206994","1","2019-01-01 12:16:42"),
(NULL,2,"48115972","Erasmus, Jerome","Curry","Weaver","91978225","1","2019-06-21 13:40:54"),
(NULL,2,"27766159","Victor, Michael","Sandoval","Beck","74243076","1","2019-11-30 17:37:33"),
(NULL,2,"96604388","Lyle, Theodore","Daugherty","Hogan","76523837","1","2019-10-06 04:18:39"),
(NULL,2,"95658722","Brett, Judith","Greene","Lopez","35251007","1","2019-11-23 18:05:09"),
(NULL,2,"81323101","Keegan, Susan","Slater","Obrien","11262687","1","2019-09-13 14:05:00"),
(NULL,2,"19515895","Roary, Petra","Battle","Dodson","83610545","1","2018-09-12 09:15:38"),
(NULL,2,"86617198","Steven, Aline","Aguilar","Howe","90689968","1","2019-01-11 15:57:04"),
(NULL,2,"56663745","Leila, Chloe","Callahan","Grant","30684246","1","2019-04-28 09:28:57"),
(NULL,2,"97569486","Callie, Zeus","Farrell","Vincent","05698111","1","2020-02-16 16:18:12"),
(NULL,2,"58503748","Kylee, Penelope","Daniels","Paul","70176965","1","2019-01-01 13:09:18"),
(NULL,2,"55979432","Sloane, Bryar","Solis","Kerr","73158514","1","2019-06-09 11:55:35"),
(NULL,2,"42133408","Inga, Vanna","Finch","Mcknight","94437349","1","2019-06-04 03:06:40"),
(NULL,2,"77380978","Kiona, Ashely","Jimenez","Burnett","73949047","1","2019-07-08 20:18:02"),
(NULL,2,"39633748","Grace, Quamar","Edwards","Carter","40117270","1","2019-09-25 03:42:05"),
(NULL,2,"36482993","Brielle, Dante","Marks","Hansen","32090134","1","2019-04-11 04:44:57"),
(NULL,2,"51251773","Chandler, Tana","Schmidt","Rutledge","92755516","1","2019-03-30 04:44:28"),
(NULL,2,"65903988","Laurel, Justine","Cook","Lynch","03535799","1","2019-07-29 11:36:29"),
(NULL,2,"33062320","Indigo, Portia","Pitts","Glass","11288516","1","2019-03-21 03:05:56"),
(NULL,2,"99118356","Cassady, Troy","Moore","Odom","63061885","1","2018-11-30 07:55:17"),
(NULL,2,"57126824","Vernon, Aretha","Franklin","Gamble","50880086","1","2020-01-28 00:31:56"),
(NULL,2,"13219763","Denton, Eugenia","Harrison","Dalton","06693759","1","2018-09-23 15:58:22"),
(NULL,2,"18554039","Fulton, Harriet","Stokes","Bass","61322250","1","2019-03-11 21:02:34"),
(NULL,2,"78973688","Jerry, Cain","Chavez","Oliver","63835975","1","2020-01-25 06:03:15"),
(NULL,2,"84220932","Deborah, Micah","Carey","Foreman","77511999","1","2019-12-14 15:41:23"),
(NULL,2,"09558497","Daria, Jared","Travis","Rosario","09245518","1","2019-11-14 22:37:17"),
(NULL,2,"77681357","Ryan, Darryl","Strickland","Moon","39842192","1","2019-01-04 22:12:17"),
(NULL,2,"71128606","Ali, Scarlet","Lloyd","Hoover","36769304","1","2019-11-03 17:59:10"),
(NULL,2,"17470242","Macaulay, Evangeline","Jackson","Ellison","47079963","1","2019-12-05 18:29:07"),
(NULL,2,"59652443","Galena, Charity","Singleton","Dean","80988391","1","2019-01-04 09:57:28"),
(NULL,2,"60756487","Palmer, Madison","Craft","Combs","46589353","1","2019-05-01 14:30:47"),
(NULL,2,"96764199","Sloane, Dexter","Gilmore","Watson","29291920","1","2018-12-19 00:23:48"),
(NULL,2,"84534007","Malachi, Shaeleigh","Schwartz","Glover","43342534","1","2019-04-20 16:48:47"),
(NULL,2,"67327445","Lani, Lois","Bean","Vang","05646683","1","2019-09-13 12:07:24"),
(NULL,2,"41196353","Rafael, Peter","Kinney","Padilla","67907897","1","2018-12-23 18:45:49"),
(NULL,2,"66915386","Erin, Sydnee","Ramirez","Rivera","02244148","1","2019-04-27 09:05:45"),
(NULL,2,"66502567","Chandler, Donovan","Gamble","Palmer","79007494","1","2019-01-26 21:31:06");


INSERT INTO asignacionCarrera (idCarrera,idPersona)
VALUES
(1,2),(1,3),(1,4),(1,5),(1,6),(1,7),(1,8),(2,9),(2,10),
(2,11),(2,12),(2,13),(2,14),(2,15),(2,16),(3,17),(3,18),(3,19),(3,20),
(3,22),(3,23),(3,24),(3,25),(4,26),(4,27),(4,28),(4,29),(4,30),
(4,32),(4,33),(4,34),(5,35),(5,36),(5,37),(5,38),(5,39),(5,40),
(5,42),(5,43),(6,44),(6,45),(6,46),(6,47),(6,48),(6,49),(6,50),
(7,51),(7,52),(7,53),(7,54),(7,55),(7,56),(8,57),(8,58),(8,59),(8,60),
(8,61),(8,62),(8,63),(9,64),(9,65),(9,66),(9,67),(9,68),(9,69),(10,70),
(10,71),(10,72),(10,73),(10,74),(10,75),(11,76),(11,77),(11,78),(11,79),(11,80),
(11,81),(11,82),(11,83),(11,84),(11,85),(12,86),(12,87),(12,88),(12,89),(12,90),
(12,91),(12,92),(12,93),(12,94),(12,95),(13,96),(13,97),(13,98),(13,99),(13,100),
(13,101),(13,102),(13,103),(13,104),(13,105),(11,106),(11,107),(11,108),(13,109),(13,110),
(1,111),(1,112),(1,113),(2,114),(2,115),(2,116),(3,117),(3,118),(4,119),(4,120),
(5,121),(5,122),(6,123),(6,124);

INSERT INTO documentoTesis(idAsignacionCarrera,idTipoTesis,codigoTesis,fechaHoraRegistro,titulo,resumen,introduccion,palabrasClave,imagenTapaTesis,documentoCompleto)
VALUES
(1,3,"TES-FING-INSI-2020-001","2020-02-19 09:09:19","DETECCION DE ANOMALIAS DE CONDUCCION","The beauty and vibrancy of our studio is in our warm, welcoming atmosphere. Our staff is knowledgeable and have a wide range of knowledge in the wellness field. Our studio is a modern, welcoming and comfortable place to start or build your fitness skills. We are open 7 days per week, except Sundays and Holidays. Our studio is located inside the Hilton Garden Inn in downtown Boulder, and our front door is in the back of the building. Our front door is open Monday through Friday and we are also open on Saturday and Sunday.","introduccion","palabrasClave","https://i.calameoassets.com/150825084259-d2ea69bfab42da66d443801bb6ca96eb/large.jpg","documentoCompleto"),
(2,2,"TES-FING-INSI-2020-002","2020-03-16 18:26:58","SISTEMA DE CONTROL Y SEGUIMIENTO PARA VENTA EN FARMACIA","Lorem ipsum dolor sit amet, consectetur adipiscing elit. Vestibulum consequat, sem sed imperdiet tempor, massa elit tempor felis, ac posuere ex neque nec lectus. Suspendisse potenti. Nam sapien mauris, aliquet in mollis non, suscipit quis felis. Phasellus sit amet tortor iaculis est porttitor viverra vitae suscipit libero. Fusce ac congue mauris. Etiam vitae lectus maximus, aliquet dolor in, rutrum neque. Etiam congue placerat tincidunt.","introduccion","palabrasClave","https://encrypted-tbn0.gstatic.com/images?q=tbn%3AANd9GcS63PGKAW-MJ1mW6cqEiNRvqP4rkmyTr_CW5Q&usqp=CAU","documentoCompleto"),
(3,2,"TES-FING-INSI-2020-003","2020-03-02 06:36:16","PORTAL WEB PARA LA DIRECCION DE TURISMO DE LA GOBERNACION DEL DEPARTAMENTO DE COCHABAMBA","Lorem ipsum dolor sit amet, consectetur adipiscing elit. Vestibulum consequat, sem sed imperdiet tempor, massa elit tempor felis, ac posuere ex neque nec lectus. Suspendisse potenti. Nam sapien mauris, aliquet in mollis non, suscipit quis felis. Phasellus sit amet tortor iaculis est porttitor viverra vitae suscipit libero. Fusce ac congue mauris. Etiam vitae lectus maximus, aliquet dolor in, rutrum neque. Etiam congue placerat tincidunt.","introduccion","palabrasClave","imagenTapaTesis","documentoCompleto"),
(4,1,"TES-FING-INSI-2020-004","2019-10-05 19:08:53","CONTROL Y SEGUIMIENTO DE ADQUISICIONES PARA EMPRESAS DE TRANSMISION ELECTRICA","Lorem ipsum dolor sit amet, consectetur adipiscing elit. Vestibulum consequat, sem sed imperdiet tempor, massa elit tempor felis, ac posuere ex neque nec lectus. Suspendisse potenti. Nam sapien mauris, aliquet in mollis non, suscipit quis felis. Phasellus sit amet tortor iaculis est porttitor viverra vitae suscipit libero. Fusce ac congue mauris. Etiam vitae lectus maximus, aliquet dolor in, rutrum neque. Etiam congue placerat tincidunt.","introduccion","palabrasClave","imagenTapaTesis","documentoCompleto"),
(5,3,"TES-FING-INSI-2020-005","2020-03-29 18:57:28","HERRAMIENTA PARA EL CONTROL Y ADMINISTRACION DE DIFERENTES REPOSITORIOS ALMACENADOS EN LA NUBE","resumen","introduccion","palabrasClave","imagenTapaTesis","documentoCompleto"),
(6,3,"TES-FING-INSI-2020-006","2020-06-15 14:22:04","SISTEMA COLABORATIVO PARA EL APOYO EN EL DISENO DE INTERFACES","resumen","introduccion","palabrasClave","imagenTapaTesis","documentoCompleto"),
(7,3,"TES-FING-INSI-2019-001","2019-09-27 04:44:08","SISTEMA DE GESTION DE INCIDENTES PARA ENTIDADES FINANCIERAS DE BOLIVIA","resumen","introduccion","palabrasClave","imagenTapaTesis","documentoCompleto"),
(8,3,"TES-FING-RETE-2020-007","2020-06-22 02:02:30","Disenio e implementaciOn de tipo electronico movil portatil para medir radiacion ultravioleta","resumen","introduccion","palabrasClave","imagenTapaTesis","documentoCompleto"),
(9,3,"TES-FING-RETE-2020-008","2020-07-20 02:52:14","Validacion de seguridades para aplicaciones moviles orientadas a compra de linea","resumen","introduccion","palabrasClave","imagenTapaTesis","documentoCompleto"),
(10,2,"TES-FING-RETE-2020-009","2020-08-28 17:44:33","Implantacion de un Testbed para una red inalambrica utilizando SDN (Open Flow)","resumen","introduccion","palabrasClave","imagenTapaTesis","documentoCompleto"),
(11,1,"TES-FING-RETE-2020-010","2020-03-19 23:53:26","Disenio de pool descentralizado para criptomonedas que utilice un algoritmo de saltos entre Pools","resumen","introduccion","palabrasClave","imagenTapaTesis","documentoCompleto"),
(12,1,"TES-FING-RETE-2020-011","2020-05-20 23:27:17","Analisis de delitos informaticos y telecomunicaciones en Ecuador bajo nuevas formas juridicas","resumen","introduccion","palabrasClave","imagenTapaTesis","documentoCompleto"),
(13,1,"TES-FING-RETE-2020-012","2020-01-06 11:42:42","Analisis y estudio de despliegue de redes-datos por medio de luz visible, bajo estandar 802.15.7","resumen","introduccion","palabrasClave","imagenTapaTesis","documentoCompleto"),
(14,2,"TES-FING-RETE-2020-013","2020-06-09 23:05:07","Estudio comparativo de los protocolos NSTREME Y NV2 para un enlace inalambrico a 2.4GHZ y 5.8GHZ","resumen","introduccion","palabrasClave","imagenTapaTesis","documentoCompleto"),
(15,1,"TES-FING-RETE-2019-002","2019-11-03 13:53:11","Desarrollo de un sistema de informacion interactivo basado en Web 3.0","resumen","introduccion","palabrasClave","imagenTapaTesis","documentoCompleto"),
(16,3,"TES-FING-INAN-2020-014","2020-01-31 06:06:56","Proceso fenton en sistema continuo para degradar el colorante Trupocort RT","resumen","introduccion","palabrasClave","imagenTapaTesis","documentoCompleto"),
(17,1,"TES-FING-INAN-2019-003","2019-11-18 02:58:03","Produccion de acidos grasos volatiles por fermentacion anaerobia de Vinaza de industria alcoholera","resumen","introduccion","palabrasClave","imagenTapaTesis","documentoCompleto"),
(18,3,"TES-FING-INAN-2020-015","2020-02-08 06:14:49","Separacion Cr3+ por electrofiltracion: influencia del tiempo, la densidad de corriente y Cr3+ inicial","resumen","introduccion","palabrasClave","imagenTapaTesis","documentoCompleto"),
(19,3,"TES-FING-INAN-2020-016","2020-01-18 03:58:07","Propuesta para el manejo de los residuos solidos urbanos en distrito de Julcan, region La Libertad","resumen","introduccion","palabrasClave","imagenTapaTesis","documentoCompleto"),
(20,2,"TES-FING-INAN-2020-017","2020-06-17 03:14:07","Electrobiodegradacion de suelos contaminados co hexadecano utilizando Aspergillus niger inmovilizado","resumen","introduccion","palabrasClave","imagenTapaTesis","documentoCompleto"),
(21,2,"TES-FING-INAN-2020-018","2020-03-21 14:27:58","Mejoramiento del plan de manejo de residuos solidos de localidad Cartavio, en distrito de Santiago","resumen","introduccion","palabrasClave","imagenTapaTesis","documentoCompleto"),
(22,1,"TES-FING-INAN-2020-019","2020-08-20 18:52:46","Remocion de Cr3+ en el tratamiento terciario de efluentes de curtiembre mediante nanofiltracion","resumen","introduccion","palabrasClave","imagenTapaTesis","documentoCompleto"),
(23,2,"TES-FING-INAN-2019-004","2019-09-21 10:18:05","Formulacion del plan de manejo de residuos solidos para el area urbana de Simbal, Trujillo","resumen","introduccion","palabrasClave","imagenTapaTesis","documentoCompleto"),
(24,1,"TES-FHUM-PSIC-2020-020","2020-01-20 08:10:06","Programa Kaley para disminuir la agresividad en ninios del primer grado en Institucion Educativa","resumen","introduccion","palabrasClave","imagenTapaTesis","documentoCompleto"),
(25,1,"TES-FHUM-PSIC-2020-021","2020-01-15 23:47:48","Amistad y enamoramiento","resumen","introduccion","palabrasClave","imagenTapaTesis","documentoCompleto"),
(26,3,"TES-FHUM-PSIC-2020-022","2020-05-28 13:28:37","Inteligencia emocional y rendimiento academico en estudiantes de Educación Secundaria","resumen","introduccion","palabrasClave","imagenTapaTesis","documentoCompleto"),
(27,3,"TES-FHUM-PSIC-2019-005","2019-10-31 12:29:59","Conocemos nuestros gustos y preferencias","resumen","introduccion","palabrasClave","imagenTapaTesis","documentoCompleto"),
(28,1,"TES-FHUM-PSIC-2020-024","2020-03-13 23:46:03","Aprendemos a resolver conflictos","resumen","introduccion","palabrasClave","imagenTapaTesis","documentoCompleto"),
(29,2,"TES-FHUM-PSIC-2020-025","2020-03-17 00:11:26","Video educativo y desarrollo de la capacidad de autoestima en estudiantes de institucion educativa","resumen","introduccion","palabrasClave","imagenTapaTesis","documentoCompleto"),
(30,3,"TES-FHUM-PSIC-2020-026","2020-02-21 17:37:13","Aplicacion del metodo de proyectos y su influencia en el desarrollo del pensamiento critico","resumen","introduccion","palabrasClave","imagenTapaTesis","documentoCompleto"),
(31,3,"TES-FHUM-PSIC-2020-027","2020-08-19 06:37:26","Jugando con el dado de las emociones","resumen","introduccion","palabrasClave","imagenTapaTesis","documentoCompleto"),
(32,3,"TES-FHUM-PEDA-2020-028","2020-05-28 08:58:13","Implementacion de plataforma web en la asignatura de ingles comunicacional I","resumen","introduccion","palabrasClave","imagenTapaTesis","documentoCompleto"),
(33,1,"TES-FHUM-PEDA-2019-006","2019-12-02 20:00:06","Alfabetizacion en informacion: una exigencia del siglo xxi","resumen","introduccion","palabrasClave","imagenTapaTesis","documentoCompleto"),
(34,3,"TES-FHUM-PEDA-2020-030","2020-03-22 02:34:32","Webquest: una herramienta para extender la practica del idioma ingles fuera de la sala de clases","resumen","introduccion","palabrasClave","imagenTapaTesis","documentoCompleto"),
(35,2,"TES-FHUM-PEDA-2020-031","2020-08-07 20:14:29","Incorporacion del humor en el proceso ensenanza-aprendizaje de la nutricion y dietetica","resumen","introduccion","palabrasClave","imagenTapaTesis","documentoCompleto"),
(36,2,"TES-FHUM-PEDA-2020-032","2020-03-18 08:49:59","Innovacion en el aula en el area de las asignaturas de formacion economica","resumen","introduccion","palabrasClave","imagenTapaTesis","documentoCompleto"),
(37,3,"TES-FHUM-PEDA-2020-033","2020-01-16 23:33:32","Incorporacion del humor en el proceso ensenanza-aprendizaje de la nutricion y dietetica","resumen","introduccion","palabrasClave","imagenTapaTesis","documentoCompleto"),
(38,3,"TES-FHUM-PEDA-2020-034","2020-05-13 06:08:57","Sistema de rubricas para la evaluacion de habilidades y actitudes en la ensenanza del diseno","resumen","introduccion","palabrasClave","imagenTapaTesis","documentoCompleto"),
(39,1,"TES-FHUM-PEDA-2020-035","2020-06-09 16:20:21","Mejoramiento de los aprendizajes matematicos a traves de tutoria","resumen","introduccion","palabrasClave","imagenTapaTesis","documentoCompleto"),
(40,1,"TES-FHUM-CILI-2019-007","2019-09-19 20:14:44","Actitudes sociolinguisticas de estudiantes de cuarto de secundaria hacia la lengua aymara en la ciudad de Viacha","resumen","introduccion","palabrasClave","imagenTapaTesis","documentoCompleto"),
(41,3,"TES-FHUM-CILI-2020-037","2020-03-26 19:59:37","Adquisicion del quechua como L1 en ninos de 3 a 5 años de edad","resumen","introduccion","palabrasClave","imagenTapaTesis","documentoCompleto"),
(42,3,"TES-FHUM-CILI-2019-008","2019-12-30 01:11:33","Analisis contrastivo de flexivos verbales entre el aymara y el castellano","resumen","introduccion","palabrasClave","imagenTapaTesis","documentoCompleto"),
(43,2,"TES-FHUM-CILI-2020-039","2020-05-15 11:43:35","Analisis semantico del lexico universitario de la UMSA","resumen","introduccion","palabrasClave","imagenTapaTesis","documentoCompleto"),
(44,1,"TES-FHUM-CILI-2019-009","2019-10-20 22:52:45","Analisis contrastivo de morfosintaxis adjetival entre el aymara y el castellano","resumen","introduccion","palabrasClave","imagenTapaTesis","documentoCompleto"),
(45,1,"TES-FHUM-CILI-2020-041","2020-08-13 19:46:04","Analisis de la elisión vocálica del idioma aymara","sdf","introduccion","palabrasClave","imagenTapaTesis","documentoCompleto"),
(46,1,"TES-FHUM-CILI-2020-042","2020-08-13 19:46:04","Analisis de formas verbales personales en castellano de segunda mitad del siglo XVI en el Alto Perú","sdf","introduccion","palabrasClave","imagenTapaTesis","documentoCompleto"),
(47,1,"TES-FHUM-CILI-2020-043","2020-08-13 19:46:04","ANALISIS DE LA ESTRUCTURA SINTACTICA DE LA ORACION SIMPLE DEL AYMARA","sdf","introduccion","palabrasClave","imagenTapaTesis","documentoCompleto"),
(48,1,"TES-FSAL-CANU-2019-001","2019-05-27 10:45:54","Gimnasio y dieta Explora la correlacion entre los tipos de programas de nutricion y las diferentes formas de entrenamientos de gimnasio. Explique la eficacia de comidas particulares en los programas de perdida de peso.","resumen","introduccion","palabrasClave","imagenTapaTesis","documentoCompleto"),
(49,1,"TES-FSAL-CANU-2017-001","2017-09-21 18:57:34","¿Por que los ninos necesitan mas grasas en comparación con los adultos?","resumen","introduccion","palabrasClave","imagenTapaTesis","documentoCompleto"),
(50,2,"TES-FSAL-CANU-2018-001","2018-11-07 20:58:41","¿Como afecta la mala nutricion a nuestra densidad osea? ¿Es seguro el uso de suplementos nutricionales?","resumen","introduccion","palabrasClave","imagenTapaTesis","documentoCompleto"),
(51,3,"TES-FSAL-CANU-2018-002","2018-10-13 16:23:56","La importancia de los materiales antioxidantes a la dieta en nuestros cuerpos.","resumen","introduccion","palabrasClave","imagenTapaTesis","documentoCompleto"),
(52,3,"TES-FSAL-CANU-2017-002","2017-10-07 07:40:41","El papel de la biotecnologia y la investigacion en el cumplimiento de las necesidades nutricionales de las personas a bajo precio.","resumen","introduccion","palabrasClave","imagenTapaTesis","documentoCompleto"),
(53,3,"TES-FSAL-CANU-2018-003","2018-08-21 14:40:58","La obesidad no es la causa de la obesidad en la sociedad: un analisis de valor.","resumen","introduccion","palabrasClave","imagenTapaTesis","documentoCompleto"),
(54,2,"TES-FSAL-FIKI-2017-001","2017-11-03 22:48:58","Evaluacion y tratamiento del dolor, discapacidad y estabilidad postural de pacientes con dolor de cuello cronico inespecifico en función del tratamiento de eleccion.","resumen","introduccion","palabrasClave","imagenTapaTesis","documentoCompleto"),
(55,1,"TES-FSAL-FIKI-2018-001","2018-01-27 05:39:09","Fisioterapia y uso de la Clasificacion Internacional del Funcionamiento, de la Discapacidad y de la Salud: estudio exploratorio de la participacion social tras ictus.","resumen","introduccion","palabrasClave","imagenTapaTesis","documentoCompleto"),
(56,1,"TES-FSAL-FIKI-2018-002","2018-05-10 05:53:38","Efectos craneomandibulares de la tecnica articulatoria del condilo mandibular en pacientes con patologia temporomandibular y dismetria de miembros inferiores ","resumen","introduccion","palabrasClave","imagenTapaTesis","documentoCompleto"),
(57,2,"TES-FSAL-FIKI-2019-001","2019-12-11 08:31:12","Eficacia de la Masoterapia y la Gimnasia Abdominal Hipopresiva sobre la lumbalgia cronica inespecifica","resumen","introduccion","palabrasClave","imagenTapaTesis","documentoCompleto"),
(58,1,"TES-FSAL-FIKI-2018-003","2018-06-26 16:51:08","Valoracion de la marcha asistida con bastones de antebrazo: diseno de metodos observacional y tecnologico. Analisis innovador de parametros espaciotemporales del paso","resumen","introduccion","palabrasClave","imagenTapaTesis","documentoCompleto"),
(59,1,"TES-FSAL-FIKI-2020-001","2020-03-09 09:31:43","Practica basada en la evidencia entre los fisioterapeutas-osteopatas de Espania.","resumen","introduccion","palabrasClave","imagenTapaTesis","documentoCompleto"),
(60,1,"TES-FSAL-FIKI-2018-004","2018-01-19 16:17:50","Eficacia de los metodos de manipulacion atloidea en las alteraciones temporomandibulares.","resumen","introduccion","palabrasClave","imagenTapaTesis","documentoCompleto"),
(61,1,"TES-FSAL-CENF-2018-001","2018-09-01 07:40:16","Los temas de salud en los medios informativos: una perspectiva desde la Enfermeria y otros profesionales sanitarios","resumen","introduccion","palabrasClave","imagenTapaTesis","documentoCompleto"),
(62,3,"TES-FSAL-CENF-2019-001","2019-11-03 21:26:38","Percepciones y opiniones de los estudiantes de Ciencias de la Salud de la Universidad de Sevilla sobre el tutelaje de practicas.Percepciones y opiniones de los estudiantes de Ciencias de la Salud de la Universidad de Sevilla sobre el tutelaje de practicas.","resumen","introduccion","palabrasClave","imagenTapaTesis","documentoCompleto"),
(63,3,"TES-FSAL-CENF-2019-002","2019-10-11 20:06:04","Opiniones de profesores y estudiantes de enfermeria respecto al contenido de las tutorias","resumen","introduccion","palabrasClave","imagenTapaTesis","documentoCompleto"),
(64,1,"TES-FSAL-CENF-2018-002","2018-11-13 08:38:41","La atencion enfermera en Urgencias al paciente musulman durante el Ramadan. Revision sistematica.","resumen","introduccion","palabrasClave","imagenTapaTesis","documentoCompleto"),
(65,2,"TES-FSAL-CENF-2019-003","2019-09-25 01:36:33","Metodos anticonceptivos en las mujeres inmigrantes y el papel de la enfermera: una revision bibliografica","resumen","introduccion","palabrasClave","imagenTapaTesis","documentoCompleto"),
(66,1,"TES-FSAL-CENF-2018-003","2018-11-12 14:44:23","Herramientas para la participacion ciudadana virtual y su desarrollo en las webs del Sistema Sanitario Publico de Andalucia","resumen","introduccion","palabrasClave","imagenTapaTesis","documentoCompleto"),
(67,2,"TES-FSAL-FARM-2018-001","2018-01-04 03:17:23","Influencia de la carga anticolinergica en el estado cognitivo y funcional de los pacientes pluripatologicos","resumen","introduccion","palabrasClave","imagenTapaTesis","documentoCompleto"),
(68,3,"TES-FSAL-FARM-2017-001","2017-06-27 22:06:34","Analisis farmacologico del vademecum internacional. Edicion 1991. Evolucion del vademecum en el periodo 1971-1991 y estudio comparativo de otras fuentes informativas","resumen","introduccion","palabrasClave","imagenTapaTesis","documentoCompleto"),
(69,2,"TES-FSAL-FARM-2018-002","2018-06-10 20:49:27","Implicacion de los receptores gabaergicos de la amigdala basolateral en el control de la ingesta","resumen","introduccion","palabrasClave","imagenTapaTesis","documentoCompleto"),
(70,3,"TES-FSAL-FARM-2019-001","2019-06-15 21:18:54","Efecto del electrodo con dispositivo liberador local de fosfato sodico de dexametasona en el umbral de estimulacion endocardico permanente","resumen","introduccion","palabrasClave","imagenTapaTesis","documentoCompleto"),
(71,1,"TES-FSAL-FARM-2018-003","2018-05-12 08:36:57","Nueva aportacion del corse de Malaga al pronostico y tratamiento de la escoliosis","resumen","introduccion","palabrasClave","imagenTapaTesis","documentoCompleto"),
(72,1,"TES-FSAL-FARM-2019-002","2019-06-06 10:12:31","Estudio experimental de los efectos de la aspirina y dipiridamol en la agregacion plaquetaria","resumen","introduccion","palabrasClave","imagenTapaTesis","documentoCompleto"),
(73,3,"TES-FCEA-ADMI-2018-001","2018-03-16 17:45:27","EL IMPACTO DE LA FORMACION Y EL DESARROLLO EN LA EFICIENCIA DEL PERSONAL EN UNA ORGANIZACION CHILENA","resumen","introduccion","palabrasClave","imagenTapaTesis","documentoCompleto"),
(74,2,"TES-FCEA-ADMI-2019-001","2019-07-31 11:29:10","EL IMPACTO DE LA FORMACION Y EL DESARROLLO EN LA PRODUCTIVIDAD","resumen","introduccion","palabrasClave","imagenTapaTesis","documentoCompleto"),
(75,1,"TES-FCEA-ADMI-2018-002","2018-03-05 11:25:25","EL IMPACTO DE LA PLANIFICACION ESTRATEGICA EN EL DESEMPENIO ORGANIZACIONAL","resumen","introduccion","palabrasClave","imagenTapaTesis","documentoCompleto"),
(76,1,"TES-FCEA-ADMI-2018-003","2018-10-06 01:51:45","EL IMPACTO DE LA DIVERSIDAD CULTURAL EN EL DESEMPENIO ORGANIZACIONAL","resumen","introduccion","palabrasClave","imagenTapaTesis","documentoCompleto"),
(77,1,"TES-FCEA-ADMI-2018-004","2018-06-05 20:37:03","EL EFECTO DE LAS TECNICAS DE REDUCCION Y CONTROL DE COSTOS EN EL DESEMPENIO DE LAS EMPRESAS DE FABRICACION","resumen","introduccion","palabrasClave","imagenTapaTesis","documentoCompleto"),
(78,3,"TES-FCEA-ADMI-2017-001","2017-12-22 15:07:19","EL EFECTO DE CAMBIAR LA CULTURA ORGANIZATIVA EN LAS PRACTICAS DE GESTION DE CALIDAD TOTAL","resumen","introduccion","palabrasClave","imagenTapaTesis","documentoCompleto"),
(79,2,"TES-FCEA-ADMI-2017-002","2017-07-04 06:00:01","UN ESTUDIO SOBRE LA RELEVANCIA DE LA DIVULGACION CORPORATIVA A LOS ACCIONISTAS","resumen","introduccion","palabrasClave","imagenTapaTesis","documentoCompleto"),
(80,3,"TES-FCEA-ADMI-2018-005","2018-07-03 19:59:32","LA EVALUACION DEL DESARROLLO DE RECURSOS HUMANOS PARA MEJORAR LA PRODUCTIVIDAD ORGANIZATIVA EN REGION METROPOLITANA","resumen","introduccion","palabrasClave","imagenTapaTesis","documentoCompleto"),
(81,2,"TES-FCEA-ADMI-2019-002","2019-06-02 19:08:21","EL EFECTO DEL DESARROLLO DE RECURSOS HUMANOS EN LA PRODUCTIVIDAD DE EMPLEADOS EN SIETE EMPRESAS DE EMBOTELLADO","resumen","introduccion","palabrasClave","imagenTapaTesis","documentoCompleto"),
(82,1,"TES-FCEA-ADMI-2020-001","2020-04-25 06:54:53","EL IMPACTO DE LA GESTION DEL TIEMPO EN LA PRODUCTIVIDAD DE EMPLEADOS EN LA ORGANIZACION FALABELLA","resumen","introduccion","palabrasClave","imagenTapaTesis","documentoCompleto"),
(83,1,"TES-FCEA-COPU-2017-001","2017-11-08 20:05:11","Gestion de ganancias en una empresa","resumen","introduccion","palabrasClave","imagenTapaTesis","documentoCompleto"),
(84,2,"TES-FCEA-COPU-2019-001","2019-07-03 13:49:57","Flujo de efectivo. ¿Como ha cambiado esto con el tiempo?","resumen","introduccion","palabrasClave","imagenTapaTesis","documentoCompleto"),
(85,2,"TES-FCEA-COPU-2018-001","2018-11-19 06:12:19","El uso de contadores basados en Internet","resumen","introduccion","palabrasClave","imagenTapaTesis","documentoCompleto"),
(86,2,"TES-FCEA-COPU-2017-002","2017-12-04 08:13:14","Practicas contables historicas efectivas","resumen","introduccion","palabrasClave","imagenTapaTesis","documentoCompleto"),
(87,2,"TES-FCEA-COPU-2018-002","2018-07-25 18:06:38","Etica contable, es respetada realmente","resumen","introduccion","palabrasClave","imagenTapaTesis","documentoCompleto"),
(88,3,"TES-FCEA-COPU-2018-003","2018-05-31 06:32:39","Sistemas de informacion contable.","resumen","introduccion","palabrasClave","imagenTapaTesis","documentoCompleto"),
(89,2,"TES-FCEA-COPU-2020-001","2020-03-16 21:57:35","Una revision sistematica de las herramientas de contabilidad financiera para el seguimiento de los niveles de liquidez.","resumen","introduccion","palabrasClave","imagenTapaTesis","documentoCompleto"),
(90,3,"TES-FCEA-COPU-2017-003","2017-06-16 14:34:39","Una comparacion del papel de la contabilidad de gestion versus la contabilidad financiera en una unidad de fabrica textil.","resumen","introduccion","palabrasClave","imagenTapaTesis","documentoCompleto"),
(91,1,"TES-FCEA-COPU-2018-004","2018-11-26 03:46:09","Analisis de la compilacion de temas de disertacion de contabilidad financiera aquíi","resumen","introduccion","palabrasClave","imagenTapaTesis","documentoCompleto"),
(92,1,"TES-FCEA-COPU-2017-004","2017-11-08 08:00:43","Valoracion de fusiones y adquisiciones: los principales determinantes","resumen","introduccion","palabrasClave","imagenTapaTesis","documentoCompleto"),
(93,3,"TES-FCEA-INCO-2020-001","2020-04-05 16:36:38","Plan de negocios para empresa de venta de camisetas deportivas","resumen","introduccion","palabrasClave","imagenTapaTesis","documentoCompleto"),
(94,2,"TES-FCEA-INCO-2019-001","2019-11-07 19:14:56","Plan de marketing para empresa de asesorias comerciales","resumen","introduccion","palabrasClave","imagenTapaTesis","documentoCompleto"),
(95,1,"TES-FCEA-INCO-2019-002","2019-01-29 09:30:21","Plan de negocios para hotel en Puerto Varas","resumen","introduccion","palabrasClave","imagenTapaTesis","documentoCompleto"),
(96,2,"TES-FCEA-INCO-2019-003","2019-01-24 09:13:17","Un estudio de los factores que afectan los cambios organizacionales","resumen","introduccion","palabrasClave","imagenTapaTesis","documentoCompleto"),
(97,2,"TES-FCEA-INCO-2019-004","2019-04-27 16:19:57","Una evaluacion de los conductores para el cambio comercial de empresas","resumen","introduccion","palabrasClave","imagenTapaTesis","documentoCompleto"),
(98,3,"TES-FCEA-INCO-2018-001","2018-03-08 04:05:35","Analisis de la gestion de la marca en la economia global","resumen","introduccion","palabrasClave","imagenTapaTesis","documentoCompleto"),
(99,2,"TES-FCEA-INCO-2017-001","2017-06-21 11:51:37","Creacion y realizacion del balance scorecard","resumen","introduccion","palabrasClave","imagenTapaTesis","documentoCompleto"),
(100,2,"TES-FCEA-INCO-2018-002","2018-05-17 21:20:51","Impulsores y barreras para la banca por internet","resumen","introduccion","palabrasClave","imagenTapaTesis","documentoCompleto"),
(101,2,"TES-FCEA-INCO-2020-002","2020-02-10 15:43:09","Gestion de la vulnerabilidad de la cadena de suministro","resumen","introduccion","palabrasClave","imagenTapaTesis","documentoCompleto"),
(102,3,"TES-FCEA-INCO-2019-005","2019-09-05 19:45:25","Tesis de mba redactada sobre los principios detras de la subcontratacion","resumen","introduccion","palabrasClave","imagenTapaTesis","documentoCompleto"),
(103,1,"TES-FCEA-INCO-2018-003","2018-12-24 17:46:40","Conceptos y practicas de medicion del desempenio en la gestion de la cadena de suministro","resumen","introduccion","palabrasClave","imagenTapaTesis","documentoCompleto"),
(104,3,"TES-FING-INSI-2019-010","2019-07-13 14:26:03","Uso de tecnologias de realidad Virtual para la ensenianza","resumen","introduccion","palabrasClave","imagenTapaTesis","documentoCompleto"),
(105,3,"TES-FING-INSI-2018-010","2018-01-19 14:01:26","Cambio de tecnologias del sistema de la UAB","resumen","introduccion","palabrasClave","imagenTapaTesis","documentoCompleto"),
(106,2,"TES-FING-INSI-2017-011","2017-07-18 12:15:18","Generacion de datos estadisticos con openAI","resumen","introduccion","palabrasClave","imagenTapaTesis","documentoCompleto"),
(107,3,"TES-FING-RETE-2017-010","2017-08-22 21:29:42","Analisis para la implementacion de VPN a cada facultad de la UAB","resumen","introduccion","palabrasClave","imagenTapaTesis","documentoCompleto"),
(108,3,"TES-FING-RETE-2017-011","2017-11-03 07:35:26","titulo","resumen","introduccion","palabrasClave","imagenTapaTesis","documentoCompleto"),
(109,2,"TES-FING-RETE-2017-012","2017-10-19 14:04:03","Creacion de redes lifi experimentales para evitar rediacion electromagnetica","resumen","introduccion","palabrasClave","imagenTapaTesis","documentoCompleto"),
(110,3,"TES-FING-INAN-2018-010","2018-11-27 21:36:19","Implementacion de Solmaforos en Cochabamba","resumen","introduccion","palabrasClave","imagenTapaTesis","documentoCompleto"),
(111,3,"TES-FING-INAN-2019-010","2019-04-23 10:18:30","Efecto del C3O2 en los ambienetes cerrados","resumen","introduccion","palabrasClave","imagenTapaTesis","documentoCompleto"),
(112,2,"TES-FSAL-CANU-2019-010","2019-08-12 23:33:01","Desnutricion en personas obesas menores de edad","resumen","introduccion","palabrasClave","imagenTapaTesis","documentoCompleto"),
(113,2,"TES-FSAL-CANU-2018-010","2018-11-27 17:43:04","Mejora en la dieta de los atletas de representacion nacional y analisis en su desempenio","resumen","introduccion","palabrasClave","imagenTapaTesis","documentoCompleto"),
(114,3,"TES-FSAL-FIKI-2018-010","2018-11-09 00:00:50","Estudio de la prevencion de dolores reumaticos con cataplasmas anuales","resumen","introduccion","palabrasClave","imagenTapaTesis","documentoCompleto"),
(115,3,"TES-FSAL-FIKI-2020-011","2020-06-01 19:42:35","Evalucion de factores causantes de sindrome de Tourette en ninos sudamericanos","resumen","introduccion","palabrasClave","imagenTapaTesis","documentoCompleto"),
(116,2,"TES-FSAL-CENF-2018-010","2018-02-07 07:19:33","Posibilidades mejoradas al sacar del hospital a pacientes con enfermedades cronicas","resumen","introduccion","palabrasClave","imagenTapaTesis","documentoCompleto"),
(117,1,"TES-FSAL-CENF-2019-010","2019-11-27 21:27:59","Resultados sobre la gestion de recursos humanos en el area de Terapia Intensiva","resumen","introduccion","palabrasClave","imagenTapaTesis","documentoCompleto"),
(118,2,"TES-FHUM-PSIC-2018-010","2018-01-03 10:42:42","Influencia del entorno de trabajo en el desempenio de un programador","resumen","introduccion","palabrasClave","imagenTapaTesis","documentoCompleto");/*
(119,2,"TES-FSAL","2018-06-25 04:27:53","titulo","resumen","introduccion","palabrasClave","imagenTapaTesis","documentoCompleto"),
(120,2,"TES-FSAL","2019-01-29 08:39:51","titulo","resumen","introduccion","palabrasClave","imagenTapaTesis","documentoCompleto"),
(121,3,"TES-FSAL","2020-06-03 17:05:06","titulo","resumen","introduccion","palabrasClave","imagenTapaTesis","documentoCompleto"),
(122,1,"TES-FSAL","2018-02-23 17:23:44","titulo","resumen","introduccion","palabrasClave","imagenTapaTesis","documentoCompleto"),
(123,1,"TES-FSAL","2020-01-25 07:09:08","titulo","resumen","introduccion","palabrasClave","imagenTapaTesis","documentoCompleto"),
(124,3,"TES-FSAL","2019-12-25 09:04:51","titulo","resumen","introduccion","palabrasClave","imagenTapaTesis","documentoCompleto"),
(125,3,"TES-FSAL","2018-10-23 17:34:51","titulo","resumen","introduccion","palabrasClave","imagenTapaTesis","documentoCompleto"),
(126,3,"TES-FSAL","2018-07-06 03:08:03","titulo","resumen","introduccion","palabrasClave","imagenTapaTesis","documentoCompleto"),
(127,1,"TES-FSAL","2020-05-15 21:37:41","titulo","resumen","introduccion","palabrasClave","imagenTapaTesis","documentoCompleto");*/

INSERT INTO participantesTesis (idDocumentoTesis,idPersona,idPersonalTesis,idRolPersonalTesis)
VALUES
(1,2,12,1),(2,3,14,1),(3,4,34,2),(4,5,5,2),(5,6,10,1),(6,7,34,2),(7,8,21,1),(8,9,10,1),
(9,10,16,2),(10,11,24,2),(11,12,19,2),(12,13,16,2),(13,14,19,1),(14,15,29,2),(15,16,11,2),(16,17,3,2),
(17,18,29,1),(18,19,22,2),(19,20,13,2),(20,22,22,2),(21,23,16,1),(22,24,14,1),(23,25,23,2),(24,26,23,1),
(25,27,5,2),(26,28,14,1),(27,29,14,2),(28,30,29,1),(29,32,18,1),(30,33,31,2),(31,34,24,1),(32,35,1,1),(33,36,18,2),
(34,37,16,1),(35,38,15,2),(36,39,37,1),(37,40,35,1),(38,42,35,2),(39,43,13,2),(40,44,32,2),(41,45,21,1),
(42,46,12,2),(43,47,27,1),(44,48,23,1),(45,49,31,1),(46,50,22,2),(47,51,8,1),(48,52,11,2),(49,53,29,2),
(50,54,13,2),(51,55,23,2),(52,56,30,2),(53,57,30,1),(54,58,2,2),(55,59,11,1),(56,60,8,1),(57,61,29,2),
(58,62,35,1),(59,63,16,2),(60,64,4,1),(61,65,10,2),(62,66,24,2),(63,67,36,2),(64,68,7,2),(65,69,9,1),
(66,70,26,2),(67,71,27,2),(68,72,34,2),(69,73,16,2),(70,74,38,1),(71,75,1,1),(72,76,31,2),(73,77,6,2),
(74,78,18,2),(75,79,15,2),(76,80,31,2),(77,81,13,2),(78,82,21,1),(79,83,10,1),(80,84,9,1),(81,85,20,2),
(82,86,34,2),(83,87,20,1),(84,88,11,1),(85,89,23,2),(86,90,13,1),(87,91,12,1),(88,92,21,1),(89,93,19,1),
(90,94,21,1),(91,95,17,1),(92,96,23,1),(93,97,22,2),(94,98,31,2),(95,99,21,2),(96,100,19,1),(97,101,30,2),
(98,102,2,1),(99,103,9,1),(100,104,1,2),(101,105,9,1),
(102,106,38,1),(103,107,5,2),(104,108,28,2),(105,109,21,2),(106,110,9,2),(107,111,13,2),(108,112,2,1),(109,113,19,1),
(110,114,3,1),(111,115,22,1),(112,116,5,2),(113,117,35,2),(114,118,38,2),(115,119,23,1),(116,120,36,2),(117,121,4,2);/*
(32,19,5,1),(42,21,24,1),(30,14,22,1),(43,1,2,1),(30,6,34,1),(40,43,36,2),(42,6,14,2),(30,47,19,1),
(43,9,27,1),(38,47,27,2),(42,41,11,1),(30,27,7,2),(29,23,35,2),(25,49,25,1),(44,28,13,2),(33,33,20,1),
(40,41,26,2),(40,28,30,2),(27,24,12,1),(40,11,29,2),(38,48,9,2),(39,35,30,1),(39,10,19,2),(39,22,20,2),
(26,14,13,2),(37,47,17,2),(30,39,7,1),(27,9,24,2),(40,23,36,1),(36,4,35,2),(40,15,33,1),(39,1,32,1),
(35,36,31,1),(36,11,13,2),(24,12,26,2),(40,33,29,2),(31,1,10,1),(35,4,34,1),(38,23,19,2),(30,46,8,2),
(38,36,2,1),(41,3,19,1),(31,11,3,1),(42,50,8,2),(27,38,1,1),(44,7,9,1),(28,40,12,2),(41,33,29,1),
(43,37,38,2),(31,50,16,1),(33,20,30,1),(41,9,5,2),(28,47,7,2),(34,16,4,1),(26,8,12,1),(33,26,1,1),
(43,35,36,2),(23,27,9,2),(30,39,28,2),(33,41,15,1),(31,9,15,2),(31,33,11,2),(36,27,24,1),(29,47,17,1),
(33,18,25,2),(36,26,16,1),(33,5,38,2),(24,15,15,2),(28,48,32,1),(45,6,27,2),(41,14,6,2),(37,26,30,1),
(24,42,37,1),(34,44,4,2),(32,8,38,1),(31,17,27,1),(28,5,29,1),(29,39,33,1),(45,15,32,1),(45,34,32,1),
(27,18,37,2),(28,38,26,1),(26,30,8,2),(34,14,23,2);*/